<?xml version="1.0" encoding="utf-8"?>
<androidx.constraintlayout.widget.ConstraintLayout xmlns:android="http://schemas.android.com/apk/res/android" xmlns:app="http://schemas.android.com/apk/res-auto" xmlns:aapt="http://schemas.android.com/aapt" android:background="@color/white" android:layout_width="match_parent" android:layout_height="match_parent">
    <com.appmysite.baselibrary.titlebar.AMSTitleBar android:id="@+id/title_bar_page" android:layout_width="match_parent" android:layout_height="wrap_content" app:layout_constraintEnd_toEndOf="0" app:layout_constraintStart_toStartOf="0" app:layout_constraintTop_toTopOf="0"/>
    <RelativeLayout android:orientation="vertical" android:layout_width="match_parent" android:layout_height="0dp" app:layout_constraintBottom_toBottomOf="0" app:layout_constraintStart_toStartOf="0" app:layout_constraintTop_toBottomOf="@+id/title_bar_page">
        <LinearLayout android:gravity="center_horizontal" android:orientation="vertical" android:id="@+id/adView" android:visibility="gone" android:layout_width="match_parent" android:layout_height="wrap_content" android:layout_alignParentTop="true"/>
        <RelativeLayout android:layout_width="match_parent" android:layout_height="match_parent" android:layout_above="@+id/adViewBottom" android:layout_below="@+id/adView">
            <androidx.compose.ui.platform.ComposeView android:id="@+id/page_items_recycler" android:layout_width="match_parent" android:layout_height="match_parent"/>
            <androidx.compose.ui.platform.ComposeView android:id="@+id/pageComposeShimmer" android:visibility="gone" android:layout_width="match_parent" android:layout_height="match_parent"/>
            <ProgressBar android:id="@+id/progressBar" android:visibility="gone" android:layout_width="wrap_content" android:layout_height="wrap_content" android:indeterminateDrawable="@drawable/custom_progress" android:layout_centerInParent="true"/>
        </RelativeLayout>
        <LinearLayout android:gravity="center" android:orientation="vertical" android:id="@+id/adViewBottom" android:visibility="gone" android:layout_width="match_parent" android:layout_height="wrap_content" android:layout_alignParentBottom="true"/>
    </RelativeLayout>
</androidx.constraintlayout.widget.ConstraintLayout>
