{"v":"5.5.7","meta":{"g":"LottieFiles AE 0.1.20","a":"","k":"","d":"","tc":"#FFFFFF"},"fr":20,"ip":0,"op":25,"w":64,"h":64,"nm":"loading-dots","ddd":0,"assets":[],"layers":[{"ddd":0,"ind":1,"ty":4,"nm":"loading-dots Outlines","sr":1,"ks":{"o":{"a":0,"k":100,"ix":11},"r":{"a":0,"k":0,"ix":10},"p":{"a":0,"k":[32.216,32.216,0],"ix":2},"a":{"a":0,"k":[32.216,32.216,0],"ix":1},"s":{"a":0,"k":[100,100,100],"ix":6}},"ao":0,"shapes":[{"ty":"gr","it":[{"ind":0,"ty":"sh","ix":1,"ks":{"a":1,"k":[{"i":{"x":0.2,"y":1},"o":{"x":0.616,"y":0},"t":-0.083,"s":[{"i":[[2.209,0],[0,0],[0,2.209],[0,0],[-2.209,0],[0,-2.209],[0,0]],"o":[[0,0],[-2.209,0],[0,0],[0,-2.209],[2.209,0],[0,0],[0,2.209]],"v":[[0,10],[0,10],[-4,6],[-4,-6],[0,-10],[4,-6],[4,6]],"c":true}]},{"i":{"x":0.396,"y":1},"o":{"x":0.806,"y":0},"t":12,"s":[{"i":[[2.209,0],[0,0],[0,2.209],[0,0],[-2.209,0],[0,-2.209],[0,0]],"o":[[0,0],[-2.209,0],[0,0],[0,-2.209],[2.209,0],[0,0],[0,2.209]],"v":[[0,4.25],[0,4.25],[-4,0.25],[-4,0.125],[0,-3.875],[4,0.125],[4,0.25]],"c":true}]},{"i":{"x":0.2,"y":1},"o":{"x":0.605,"y":0},"t":24.083,"s":[{"i":[[2.209,0],[0,0],[0,2.209],[0,0],[-2.209,0],[0,-2.209],[0,0]],"o":[[0,0],[-2.209,0],[0,0],[0,-2.209],[2.209,0],[0,0],[0,2.209]],"v":[[0,10],[0,10],[-4,6],[-4,-6],[0,-10],[4,-6],[4,6]],"c":true}]},{"i":{"x":0.392,"y":1},"o":{"x":0.806,"y":0},"t":36.167,"s":[{"i":[[2.209,0],[0,0],[0,2.209],[0,0],[-2.209,0],[0,-2.209],[0,0]],"o":[[0,0],[-2.209,0],[0,0],[0,-2.209],[2.209,0],[0,0],[0,2.209]],"v":[[0,4.25],[0,4.25],[-4,0.25],[-4,0.125],[0,-3.875],[4,0.125],[4,0.25]],"c":true}]},{"t":48.25,"s":[{"i":[[2.209,0],[0,0],[0,2.209],[0,0],[-2.209,0],[0,-2.209],[0,0]],"o":[[0,0],[-2.209,0],[0,0],[0,-2.209],[2.209,0],[0,0],[0,2.209]],"v":[[0,10],[0,10],[-4,6],[-4,-6],[0,-10],[4,-6],[4,6]],"c":true}]}],"ix":2},"nm":"Path 1","mn":"ADBE Vector Shape - Group","hd":false},{"ty":"fl","c":{"a":0,"k":[1,0.5607843137254902,0.1803921568627451,1],"ix":4},"o":{"a":0,"k":100,"ix":5},"r":1,"bm":0,"nm":"Fill 1","mn":"ADBE Vector Graphic - Fill","hd":false},{"ind":2,"ty":"sh","ix":3,"ks":{"a":0,"k":{"i":[[2.209,0],[0,0],[0,2.209],[0,0],[-2.209,0],[0,-2.209],[0,0]],"o":[[0,0],[-2.209,0],[0,0],[0,-2.209],[2.209,0],[0,0],[0,2.209]],"v":[[0,4.25],[0,4.25],[-4,0.25],[-4,0.125],[0,-3.875],[4,0.125],[4,0.25]],"c":true},"ix":2},"nm":"Path 2","mn":"ADBE Vector Shape - Group","hd":false},{"ty":"tr","p":{"a":0,"k":[52.216,32.216],"ix":2},"a":{"a":0,"k":[0,0],"ix":1},"s":{"a":0,"k":[100,100],"ix":3},"r":{"a":0,"k":0,"ix":6},"o":{"a":0,"k":100,"ix":7},"sk":{"a":0,"k":0,"ix":4},"sa":{"a":0,"k":0,"ix":5},"nm":"Transform"}],"nm":"purple","np":3,"cix":2,"bm":0,"ix":1,"mn":"ADBE Vector Group","hd":false},{"ty":"gr","it":[{"ind":0,"ty":"sh","ix":1,"ks":{"a":1,"k":[{"i":{"x":0.195,"y":1},"o":{"x":0.601,"y":0},"t":-2.5,"s":[{"i":[[2.209,0],[0,0],[0,2.209],[0,0],[-2.209,0],[0,-2.209],[0,0]],"o":[[0,0],[-2.209,0],[0,0],[0,-2.209],[2.209,0],[0,0],[0,2.209]],"v":[[0,10],[0,10],[-4,6],[-4,-6],[0,-10],[4,-6],[4,6]],"c":true}]},{"i":{"x":0.397,"y":1},"o":{"x":0.801,"y":0},"t":9.583,"s":[{"i":[[2.209,0],[0,0],[0,2.209],[0,0],[-2.209,0],[0,-2.209],[0,0]],"o":[[0,0],[-2.209,0],[0,0],[0,-2.209],[2.209,0],[0,0],[0,2.209]],"v":[[0,4.25],[0,4.25],[-4,0.25],[-4,0.25],[0,-3.75],[4,0.25],[4,0.25]],"c":true}]},{"i":{"x":0.195,"y":1},"o":{"x":0.606,"y":0},"t":21.667,"s":[{"i":[[2.209,0],[0,0],[0,2.209],[0,0],[-2.209,0],[0,-2.209],[0,0]],"o":[[0,0],[-2.209,0],[0,0],[0,-2.209],[2.209,0],[0,0],[0,2.209]],"v":[[0,10],[0,10],[-4,6],[-4,-6],[0,-10],[4,-6],[4,6]],"c":true}]},{"i":{"x":0.393,"y":1},"o":{"x":0.801,"y":0},"t":33.75,"s":[{"i":[[2.209,0],[0,0],[0,2.209],[0,0],[-2.209,0],[0,-2.209],[0,0]],"o":[[0,0],[-2.209,0],[0,0],[0,-2.209],[2.209,0],[0,0],[0,2.209]],"v":[[0,4.25],[0,4.25],[-4,0.25],[-4,0.25],[0,-3.75],[4,0.25],[4,0.25]],"c":true}]},{"t":45.8330078125,"s":[{"i":[[2.209,0],[0,0],[0,2.209],[0,0],[-2.209,0],[0,-2.209],[0,0]],"o":[[0,0],[-2.209,0],[0,0],[0,-2.209],[2.209,0],[0,0],[0,2.209]],"v":[[0,10],[0,10],[-4,6],[-4,-6],[0,-10],[4,-6],[4,6]],"c":true}]}],"ix":2},"nm":"Path 1","mn":"ADBE Vector Shape - Group","hd":false},{"ty":"fl","c":{"a":0,"k":[0.20392156862745098,0.7294117647058823,0.7568627450980392,1],"ix":4},"o":{"a":0,"k":100,"ix":5},"r":1,"bm":0,"nm":"Fill 1","mn":"ADBE Vector Graphic - Fill","hd":false},{"ty":"tr","p":{"a":0,"k":[41.966,32.216],"ix":2},"a":{"a":0,"k":[0,0],"ix":1},"s":{"a":0,"k":[100,100],"ix":3},"r":{"a":0,"k":0,"ix":6},"o":{"a":0,"k":100,"ix":7},"sk":{"a":0,"k":0,"ix":4},"sa":{"a":0,"k":0,"ix":5},"nm":"Transform"}],"nm":"magenta","np":2,"cix":2,"bm":0,"ix":2,"mn":"ADBE Vector Group","hd":false},{"ty":"gr","it":[{"ind":0,"ty":"sh","ix":1,"ks":{"a":1,"k":[{"i":{"x":0.205,"y":1},"o":{"x":0.604,"y":0},"t":-5.084,"s":[{"i":[[2.209,0],[0,0],[0,2.209],[0,0],[-2.209,0],[0,-2.209],[0,0]],"o":[[0,0],[-2.209,0],[0,0],[0,-2.209],[2.209,0],[0,0],[0,2.209]],"v":[[0,10],[0,10],[-4,6],[-4,-6],[0,-10],[4,-6],[4,6]],"c":true}]},{"i":{"x":0.398,"y":1},"o":{"x":0.801,"y":0},"t":7,"s":[{"i":[[2.209,0],[0,0],[0,2.209],[0,0],[-2.209,0],[0,-2.209],[0,0]],"o":[[0,0],[-2.209,0],[0,0],[0,-2.209],[2.209,0],[0,0],[0,2.209]],"v":[[0,4.125],[0,4.125],[-4,0.125],[-4,0.125],[0,-3.875],[4,0.125],[4,0.125]],"c":true}]},{"i":{"x":0.205,"y":1},"o":{"x":0.607,"y":0},"t":19.083,"s":[{"i":[[2.209,0],[0,0],[0,2.209],[0,0],[-2.209,0],[0,-2.209],[0,0]],"o":[[0,0],[-2.209,0],[0,0],[0,-2.209],[2.209,0],[0,0],[0,2.209]],"v":[[0,10],[0,10],[-4,6],[-4,-6],[0,-10],[4,-6],[4,6]],"c":true}]},{"i":{"x":0.39,"y":1},"o":{"x":0.801,"y":0},"t":31.166,"s":[{"i":[[2.209,0],[0,0],[0,2.209],[0,0],[-2.209,0],[0,-2.209],[0,0]],"o":[[0,0],[-2.209,0],[0,0],[0,-2.209],[2.209,0],[0,0],[0,2.209]],"v":[[0,4.125],[0,4.125],[-4,0.125],[-4,0.125],[0,-3.875],[4,0.125],[4,0.125]],"c":true}]},{"t":43.25,"s":[{"i":[[2.209,0],[0,0],[0,2.209],[0,0],[-2.209,0],[0,-2.209],[0,0]],"o":[[0,0],[-2.209,0],[0,0],[0,-2.209],[2.209,0],[0,0],[0,2.209]],"v":[[0,10],[0,10],[-4,6],[-4,-6],[0,-10],[4,-6],[4,6]],"c":true}]}],"ix":2},"nm":"Path 1","mn":"ADBE Vector Shape - Group","hd":false},{"ty":"fl","c":{"a":0,"k":[0.20392156862745098,0.7294117647058823,0.7568627450980392,1],"ix":4},"o":{"a":0,"k":100,"ix":5},"r":1,"bm":0,"nm":"Fill 1","mn":"ADBE Vector Graphic - Fill","hd":false},{"ty":"tr","p":{"a":0,"k":[31.716,32.216],"ix":2},"a":{"a":0,"k":[0,0],"ix":1},"s":{"a":0,"k":[100,100],"ix":3},"r":{"a":0,"k":0,"ix":6},"o":{"a":0,"k":100,"ix":7},"sk":{"a":0,"k":0,"ix":4},"sa":{"a":0,"k":0,"ix":5},"nm":"Transform"}],"nm":"teal","np":2,"cix":2,"bm":0,"ix":3,"mn":"ADBE Vector Group","hd":false},{"ty":"gr","it":[{"ind":0,"ty":"sh","ix":1,"ks":{"a":1,"k":[{"i":{"x":0.195,"y":1},"o":{"x":0.604,"y":0},"t":-7.083,"s":[{"i":[[2.209,0],[0,0],[0,2.209],[0,0],[-2.209,0],[0,-2.209],[0,0]],"o":[[0,0],[-2.209,0],[0,0],[0,-2.209],[2.209,0],[0,0],[0,2.209]],"v":[[0,10],[0,10],[-4,6],[-4,-6],[0,-10],[4,-6],[4,6]],"c":true}]},{"i":{"x":0.395,"y":1},"o":{"x":0.801,"y":0},"t":5,"s":[{"i":[[2.209,0],[0,0],[0,2.209],[0,0],[-2.209,0],[0,-2.209],[0,0]],"o":[[0,0],[-2.209,0],[0,0],[0,-2.209],[2.209,0],[0,0],[0,2.209]],"v":[[0,4.25],[0,4.25],[-4,0.25],[-4,0.25],[0,-3.75],[4,0.25],[4,0.25]],"c":true}]},{"i":{"x":0.195,"y":1},"o":{"x":0.612,"y":0},"t":17.083,"s":[{"i":[[2.209,0],[0,0],[0,2.209],[0,0],[-2.209,0],[0,-2.209],[0,0]],"o":[[0,0],[-2.209,0],[0,0],[0,-2.209],[2.209,0],[0,0],[0,2.209]],"v":[[0,10],[0,10],[-4,6],[-4,-6],[0,-10],[4,-6],[4,6]],"c":true}]},{"i":{"x":0.4,"y":1},"o":{"x":0.801,"y":0},"t":29.167,"s":[{"i":[[2.209,0],[0,0],[0,2.209],[0,0],[-2.209,0],[0,-2.209],[0,0]],"o":[[0,0],[-2.209,0],[0,0],[0,-2.209],[2.209,0],[0,0],[0,2.209]],"v":[[0,4.25],[0,4.25],[-4,0.25],[-4,0.25],[0,-3.75],[4,0.25],[4,0.25]],"c":true}]},{"t":41.25,"s":[{"i":[[2.209,0],[0,0],[0,2.209],[0,0],[-2.209,0],[0,-2.209],[0,0]],"o":[[0,0],[-2.209,0],[0,0],[0,-2.209],[2.209,0],[0,0],[0,2.209]],"v":[[0,10],[0,10],[-4,6],[-4,-6],[0,-10],[4,-6],[4,6]],"c":true}]}],"ix":2},"nm":"Path 1","mn":"ADBE Vector Shape - Group","hd":false},{"ty":"fl","c":{"a":0,"k":[0.20392156862745098,0.7294117647058823,0.7568627450980392,1],"ix":4},"o":{"a":0,"k":100,"ix":5},"r":1,"bm":0,"nm":"Fill 1","mn":"ADBE Vector Graphic - Fill","hd":false},{"ty":"tr","p":{"a":0,"k":[21.466,32.216],"ix":2},"a":{"a":0,"k":[0,0],"ix":1},"s":{"a":0,"k":[100,100],"ix":3},"r":{"a":0,"k":0,"ix":6},"o":{"a":0,"k":100,"ix":7},"sk":{"a":0,"k":0,"ix":4},"sa":{"a":0,"k":0,"ix":5},"nm":"Transform"}],"nm":"green","np":2,"cix":2,"bm":0,"ix":4,"mn":"ADBE Vector Group","hd":false},{"ty":"gr","it":[{"ind":0,"ty":"sh","ix":1,"ks":{"a":1,"k":[{"i":{"x":0.2,"y":1},"o":{"x":0.604,"y":0},"t":-9.083,"s":[{"i":[[2.209,0],[0,0],[0,2.209],[0,0],[-2.209,0],[0,-2.209],[0,0]],"o":[[0,0],[-2.209,0],[0,0],[0,-2.209],[2.209,0],[0,0],[0,2.209]],"v":[[0,10],[0,10],[-4,6],[-4,-6],[0,-10],[4,-6],[4,6]],"c":true}]},{"i":{"x":0.391,"y":1},"o":{"x":0.806,"y":0},"t":3,"s":[{"i":[[2.209,0],[0,0],[0,2.209],[0,0],[-2.209,0],[0,-2.209],[0,0]],"o":[[0,0],[-2.209,0],[0,0],[0,-2.209],[2.209,0],[0,0],[0,2.209]],"v":[[0,4.25],[0,4.25],[-4,0.25],[-4,0.375],[0,-3.625],[4,0.375],[4,0.25]],"c":true}]},{"i":{"x":0.2,"y":1},"o":{"x":0.604,"y":0},"t":15.084,"s":[{"i":[[2.209,0],[0,0],[0,2.209],[0,0],[-2.209,0],[0,-2.209],[0,0]],"o":[[0,0],[-2.209,0],[0,0],[0,-2.209],[2.209,0],[0,0],[0,2.209]],"v":[[0,10],[0,10],[-4,6],[-4,-6],[0,-10],[4,-6],[4,6]],"c":true}]},{"i":{"x":0.392,"y":1},"o":{"x":0.806,"y":0},"t":27.167,"s":[{"i":[[2.209,0],[0,0],[0,2.209],[0,0],[-2.209,0],[0,-2.209],[0,0]],"o":[[0,0],[-2.209,0],[0,0],[0,-2.209],[2.209,0],[0,0],[0,2.209]],"v":[[0,4.25],[0,4.25],[-4,0.25],[-4,0.375],[0,-3.625],[4,0.375],[4,0.25]],"c":true}]},{"t":39.25,"s":[{"i":[[2.209,0],[0,0],[0,2.209],[0,0],[-2.209,0],[0,-2.209],[0,0]],"o":[[0,0],[-2.209,0],[0,0],[0,-2.209],[2.209,0],[0,0],[0,2.209]],"v":[[0,10],[0,10],[-4,6],[-4,-6],[0,-10],[4,-6],[4,6]],"c":true}]}],"ix":2},"nm":"Path 1","mn":"ADBE Vector Shape - Group","hd":false},{"ty":"fl","c":{"a":0,"k":[1,0.5607843137254902,0.1803921568627451,1],"ix":4},"o":{"a":0,"k":100,"ix":5},"r":1,"bm":0,"nm":"Fill 1","mn":"ADBE Vector Graphic - Fill","hd":false},{"ty":"tr","p":{"a":0,"k":[11.216,32.216],"ix":2},"a":{"a":0,"k":[0,0],"ix":1},"s":{"a":0,"k":[100,100],"ix":3},"r":{"a":0,"k":0,"ix":6},"o":{"a":0,"k":100,"ix":7},"sk":{"a":0,"k":0,"ix":4},"sa":{"a":0,"k":0,"ix":5},"nm":"Transform"}],"nm":"blue","np":2,"cix":2,"bm":0,"ix":5,"mn":"ADBE Vector Group","hd":false}],"ip":0,"op":50,"st":0,"bm":0}],"markers":[]}