<?xml version="1.0" encoding="utf-8"?>
<LinearLayout xmlns:android="http://schemas.android.com/apk/res/android" xmlns:app="http://schemas.android.com/apk/res-auto" xmlns:aapt="http://schemas.android.com/aapt" android:orientation="vertical" android:background="@color/video_background" android:focusable="true" android:clickable="true" android:layout_width="match_parent" android:layout_height="match_parent">
    <androidx.compose.ui.platform.ComposeView android:layout_gravity="end" android:id="@+id/imageCross" android:layout_width="wrap_content" android:layout_height="wrap_content" android:layout_marginTop="60dp" android:layout_marginBottom="10dp" android:layout_marginStart="10dp" android:layout_marginEnd="10dp"/>
    <LinearLayout android:orientation="vertical" android:layout_width="match_parent" android:layout_height="0dp" android:layout_weight="1">
        <androidx.core.widget.NestedScrollView android:id="@+id/nestedScroll" android:layout_width="match_parent" android:layout_height="match_parent">
            <androidx.constraintlayout.widget.ConstraintLayout android:layout_gravity="center" android:id="@+id/const_web_view" android:layout_width="match_parent" android:layout_height="match_parent" android:layout_marginTop="50dp">
                <WebView android:layout_gravity="center" android:id="@+id/videoView" android:background="@android:color/transparent" android:layout_width="match_parent" android:layout_height="match_parent" android:nestedScrollingEnabled="true" app:layout_constraintBottom_toBottomOf="0" app:layout_constraintLeft_toLeftOf="0" app:layout_constraintRight_toRightOf="0" app:layout_constraintTop_toTopOf="0"/>
            </androidx.constraintlayout.widget.ConstraintLayout>
        </androidx.core.widget.NestedScrollView>
        <androidx.constraintlayout.widget.ConstraintLayout android:layout_gravity="center" android:id="@+id/const_web_view2" android:visibility="gone" android:layout_width="match_parent" android:layout_height="match_parent">
            <WebView android:layout_gravity="center" android:id="@+id/videoView2" android:background="@android:color/transparent" android:layout_width="0dp" android:layout_height="0dp" app:layout_constraintBottom_toBottomOf="0" app:layout_constraintLeft_toLeftOf="0" app:layout_constraintRight_toRightOf="0" app:layout_constraintTop_toTopOf="0"/>
        </androidx.constraintlayout.widget.ConstraintLayout>
    </LinearLayout>
</LinearLayout>
