<?xml version="1.0" encoding="utf-8"?>
<LinearLayout xmlns:android="http://schemas.android.com/apk/res/android" xmlns:app="http://schemas.android.com/apk/res-auto" xmlns:aapt="http://schemas.android.com/aapt" android:orientation="vertical" android:id="@+id/rootMain" android:background="?attr/selectableItemBackground" android:layout_width="match_parent" android:layout_height="wrap_content">
    <RelativeLayout android:orientation="horizontal" android:id="@+id/rootMenu" android:layout_width="match_parent" android:layout_height="wrap_content" android:layout_marginTop="30dp">
        <ImageView android:id="@+id/img_icon" android:visibility="gone" android:layout_width="22dp" android:layout_height="22dp"/>
        <LinearLayout android:background="?attr/selectableItemBackground" android:layout_width="match_parent" android:layout_height="wrap_content" android:layout_marginStart="17sp" android:layout_toStartOf="@+id/arrow_linear" android:layout_toEndOf="@+id/img_icon">
            <TextView android:textSize="16dp" android:id="@+id/tv_menu_item_name" android:background="?attr/selectableItemBackground" android:layout_width="wrap_content" android:layout_height="wrap_content" android:text="Menu" android:fontFamily="@font/poppinsregular" android:layout_toStartOf="@+id/arrow_linear" android:layout_toEndOf="@+id/img_icon"/>
        </LinearLayout>
        <LinearLayout android:layout_gravity="end" android:orientation="vertical" android:id="@+id/arrow_linear" android:layout_width="wrap_content" android:layout_height="wrap_content" android:layout_alignParentEnd="true">
            <ImageView android:layout_gravity="end" android:id="@+id/dataItemdownArrow" android:visibility="gone" android:layout_width="15dp" android:layout_height="wrap_content" android:src="@drawable/ic_arrow_down" android:layout_marginEnd="15dp"/>
            <ImageView android:layout_gravity="end" android:id="@+id/dataItemupArrow" android:layout_width="15dp" android:layout_height="wrap_content" android:src="@drawable/ic_menuup" android:layout_marginEnd="15dp"/>
        </LinearLayout>
    </RelativeLayout>
    <androidx.recyclerview.widget.RecyclerView android:id="@+id/menu_sub_recycler" android:visibility="gone" android:layout_width="match_parent" android:layout_height="wrap_content"/>
</LinearLayout>
