<?xml version="1.0" encoding="utf-8"?>
<RelativeLayout xmlns:android="http://schemas.android.com/apk/res/android" xmlns:app="http://schemas.android.com/apk/res-auto" xmlns:aapt="http://schemas.android.com/aapt" android:id="@+id/grid_view_items" android:background="@color/white" android:layout_width="match_parent" android:layout_height="wrap_content">
    <androidx.cardview.widget.CardView android:id="@+id/postCardView" android:layout_width="match_parent" android:layout_height="170dp" android:layout_marginTop="8dp" android:layout_marginBottom="7dp" android:layout_alignParentTop="true" android:layout_marginStart="10dp" android:layout_marginEnd="10dp" app:cardCornerRadius="5dp" app:cardElevation="0dp">
        <ImageView android:id="@+id/postImageView" android:layout_width="match_parent" android:layout_height="170dp" android:scaleType="centerCrop" android:adjustViewBounds="true"/>
        <ImageView android:layout_gravity="end" android:id="@+id/img_post_star" android:layout_width="20dp" android:layout_height="20dp" android:layout_margin="7dp" android:src="@drawable/post_star"/>
    </androidx.cardview.widget.CardView>
    <LinearLayout android:orientation="vertical" android:layout_width="match_parent" android:layout_height="wrap_content" android:layout_marginBottom="10dp" android:layout_below="@+id/postCardView" android:layout_marginStart="10dp" android:layout_marginEnd="10dp">
        <TextView android:textSize="12sp" android:textColor="#000" android:ellipsize="end" android:gravity="start" android:id="@+id/postDescView" android:layout_width="wrap_content" android:layout_height="wrap_content" android:maxLines="2" android:scrollHorizontally="true" android:fontFamily="@font/poppinsregular"/>
        <TextView android:textSize="10sp" android:textColor="#a1a1a1" android:gravity="start" android:id="@+id/postDateView" android:layout_width="wrap_content" android:layout_height="wrap_content" android:text="Demo" android:fontFamily="@font/poppinsregular"/>
    </LinearLayout>
    <View android:id="@+id/viewLines" android:background="#f5f5f5" android:layout_width="match_parent" android:layout_height="1dp" android:layout_alignParentBottom="true"/>
</RelativeLayout>
