<?xml version="1.0" encoding="utf-8"?>
<LinearLayout xmlns:android="http://schemas.android.com/apk/res/android" xmlns:app="http://schemas.android.com/apk/res-auto" xmlns:aapt="http://schemas.android.com/aapt" android:orientation="vertical" android:id="@+id/pageRootView" android:layout_width="match_parent" android:layout_height="match_parent">
    <com.appmysite.baselibrary.titlebar.AMSTitleBar android:id="@+id/title_bar_page" android:layout_width="match_parent" android:layout_height="wrap_content"/>
    <LinearLayout android:gravity="center" android:orientation="vertical" android:id="@+id/adView" android:visibility="gone" android:layout_width="match_parent" android:layout_height="wrap_content"/>
    <RelativeLayout android:layout_width="match_parent" android:layout_height="match_parent">
        <ImageView android:id="@+id/img_timeout" android:layout_width="180dp" android:layout_height="100dp" android:src="@drawable/img_timeout" android:layout_centerInParent="true"/>
        <ProgressBar android:id="@+id/progressBarDetails" android:visibility="gone" android:layout_width="wrap_content" android:layout_height="match_parent" android:indeterminateDrawable="@drawable/custom_progress" android:layout_centerInParent="true"/>
        <androidx.compose.ui.platform.ComposeView android:id="@+id/composeProgressBarDetails" android:visibility="gone" android:layout_width="wrap_content" android:layout_height="match_parent" android:layout_centerInParent="true"/>
        <androidx.swiperefreshlayout.widget.SwipeRefreshLayout android:id="@+id/swipeRefresh" android:layout_width="match_parent" android:layout_height="match_parent" android:layout_above="@+id/adViewBottom">
            <androidx.core.widget.NestedScrollView android:id="@+id/scrollView1" android:layout_width="match_parent" android:layout_height="wrap_content" android:layout_margin="0dp" android:fillViewport="true">
                <androidx.constraintlayout.widget.ConstraintLayout android:orientation="vertical" android:layout_width="match_parent" android:layout_height="match_parent" android:nestedScrollingEnabled="true">
                    <LinearLayout android:orientation="vertical" android:id="@+id/customPageRoot" android:layout_width="match_parent" android:layout_height="wrap_content" android:layout_marginStart="0dp" android:layout_marginEnd="0dp" android:nestedScrollingEnabled="true" app:layout_constraintEnd_toEndOf="0" app:layout_constraintStart_toStartOf="0" app:layout_constraintTop_toTopOf="0"/>
                    <View android:id="@+id/viewLines" android:background="#f5f5f5" android:visibility="gone" android:layout_width="match_parent" android:layout_height="9dp" android:layout_alignParentBottom="true" app:layout_constraintEnd_toEndOf="0" app:layout_constraintStart_toStartOf="0" app:layout_constraintTop_toBottomOf="@+id/customPageRoot"/>
                    <androidx.recyclerview.widget.RecyclerView android:id="@+id/postView" android:layout_width="match_parent" android:layout_height="0dp" android:layout_below="@+id/customPageRoot" android:footerDividersEnabled="false" android:nestedScrollingEnabled="false" app:layout_constraintEnd_toEndOf="0" app:layout_constraintStart_toStartOf="0" app:layout_constraintTop_toBottomOf="@+id/viewLines"/>
                    <ProgressBar android:id="@+id/progressBar" android:visibility="gone" android:layout_width="wrap_content" android:layout_height="wrap_content" android:indeterminateDrawable="@drawable/custom_progress" android:layout_centerInParent="true" app:layout_constraintEnd_toEndOf="0" app:layout_constraintStart_toStartOf="0" app:layout_constraintTop_toBottomOf="@+id/customPageRoot"/>
                </androidx.constraintlayout.widget.ConstraintLayout>
            </androidx.core.widget.NestedScrollView>
        </androidx.swiperefreshlayout.widget.SwipeRefreshLayout>
        <LinearLayout android:gravity="center" android:orientation="vertical" android:id="@+id/adViewBottom" android:visibility="gone" android:layout_width="match_parent" android:layout_height="wrap_content" android:layout_alignParentBottom="true"/>
    </RelativeLayout>
</LinearLayout>
