<?xml version="1.0" encoding="utf-8"?>
<androidx.constraintlayout.widget.ConstraintLayout xmlns:android="http://schemas.android.com/apk/res/android" xmlns:app="http://schemas.android.com/apk/res-auto" xmlns:aapt="http://schemas.android.com/aapt" android:orientation="vertical" android:id="@+id/rootMain" android:layout_width="match_parent" android:layout_height="match_parent">
    <com.appmysite.baselibrary.viewFragment.AMSViewFragment android:id="@+id/home_container" android:layout_width="match_parent" android:layout_height="0dp" android:layout_weight="0.6" app:layout_constraintBottom_toTopOf="@+id/bottomNav" app:layout_constraintEnd_toEndOf="0" app:layout_constraintStart_toStartOf="0" app:layout_constraintTop_toTopOf="0"/>
    <com.appmysite.baselibrary.bottombar.AMSBottomBarView android:id="@+id/bottomNav" android:layout_width="match_parent" android:layout_height="60dp" android:scrollIndicators="4" app:layout_constraintBottom_toBottomOf="0" app:layout_constraintEnd_toEndOf="0" app:layout_constraintStart_toStartOf="0"/>
    <LinearLayout android:orientation="vertical" android:layout_width="wrap_content" android:layout_height="wrap_content" android:layout_margin="10dp" app:layout_constraintBottom_toTopOf="@+id/bottomNav" app:layout_constraintEnd_toEndOf="0">
        <ImageView android:id="@+id/img_all_apps" android:visibility="gone" android:layout_width="80dp" android:layout_height="80dp" android:src="@drawable/floating_new" android:contentDescription=""/>
        <RelativeLayout android:id="@+id/rel_chat_float" android:visibility="gone" android:layout_width="80dp" android:layout_height="80dp">
            <com.appmysite.baselibrary.floatingIcon.AMSFloatingView android:id="@+id/img_chat_float" android:visibility="gone" android:layout_width="70dp" android:layout_height="70dp" android:layout_margin="10dp"/>
        </RelativeLayout>
    </LinearLayout>
</androidx.constraintlayout.widget.ConstraintLayout>
