<?xml version="1.0" encoding="utf-8"?>
<androidx.constraintlayout.widget.ConstraintLayout xmlns:android="http://schemas.android.com/apk/res/android" xmlns:app="http://schemas.android.com/apk/res-auto" xmlns:aapt="http://schemas.android.com/aapt" android:layout_width="match_parent" android:layout_height="match_parent">
    <LinearLayout android:orientation="vertical" android:layout_width="match_parent" android:layout_height="match_parent">
        <TextView android:padding="10dp" android:layout_width="wrap_content" android:layout_height="wrap_content" android:text="Sign in to access this site" android:fontFamily="@font/poppinssemibold"/>
        <TextView android:padding="10dp" android:layout_width="wrap_content" android:layout_height="wrap_content" android:text="Authorization required " android:fontFamily="@font/poppinssemibold"/>
        <TextView android:padding="10dp" android:layout_width="wrap_content" android:layout_height="wrap_content" android:text="UserName"/>
        <EditText android:id="@+id/editText" android:padding="10dp" android:layout_width="match_parent" android:layout_height="wrap_content" android:hint="Enter the text here"/>
        <TextView android:padding="10dp" android:layout_width="wrap_content" android:layout_height="wrap_content" android:text="Password"/>
        <EditText android:id="@+id/editPwd" android:padding="10dp" android:layout_width="match_parent" android:layout_height="wrap_content" android:hint="Enter the text here" android:inputType="textPassword"/>
    </LinearLayout>
</androidx.constraintlayout.widget.ConstraintLayout>
