<?xml version="1.0" encoding="utf-8"?>
<androidx.constraintlayout.widget.ConstraintLayout xmlns:android="http://schemas.android.com/apk/res/android" xmlns:app="http://schemas.android.com/apk/res-auto" xmlns:aapt="http://schemas.android.com/aapt" android:orientation="vertical" android:id="@+id/constPost" android:layout_width="match_parent" android:layout_height="match_parent">
    <RelativeLayout android:layout_width="match_parent" android:layout_height="wrap_content" android:layout_marginStart="0dp" android:layout_marginEnd="0dp" app:layout_constraintEnd_toEndOf="0" app:layout_constraintStart_toStartOf="0" app:layout_constraintTop_toTopOf="0">
        <LinearLayout android:gravity="center" android:orientation="vertical" android:id="@+id/adView" android:visibility="gone" android:layout_width="match_parent" android:layout_height="wrap_content" app:layout_constraintEnd_toEndOf="0" app:layout_constraintStart_toStartOf="0" app:layout_constraintTop_toTopOf="0"/>
        <RelativeLayout android:id="@+id/relativeTop" android:layout_width="match_parent" android:layout_height="wrap_content" android:layout_below="@+id/adView">
            <androidx.compose.ui.platform.ComposeView android:id="@+id/post_view" android:layout_width="wrap_content" android:layout_height="wrap_content"/>
        </RelativeLayout>
        <androidx.constraintlayout.widget.ConstraintLayout android:layout_width="match_parent" android:layout_height="wrap_content" android:layout_above="@+id/adViewBottom" android:layout_below="@+id/relativeTop">
            <androidx.swiperefreshlayout.widget.SwipeRefreshLayout android:id="@+id/swipeRefresh" android:layout_width="match_parent" android:layout_height="match_parent" app:layout_constraintEnd_toEndOf="0" app:layout_constraintStart_toStartOf="0" app:layout_constraintTop_toTopOf="0">
                <androidx.constraintlayout.widget.ConstraintLayout android:layout_width="match_parent" android:layout_height="wrap_content">
                    <androidx.core.widget.NestedScrollView android:id="@+id/scrollView1" android:layout_width="match_parent" android:layout_height="wrap_content" android:layout_margin="0dp" android:fillViewport="true" app:layout_constraintEnd_toEndOf="0" app:layout_constraintStart_toStartOf="0" app:layout_constraintTop_toTopOf="0">
                        <androidx.recyclerview.widget.RecyclerView android:id="@+id/postListGridView2" android:layout_width="match_parent" android:layout_height="wrap_content" android:footerDividersEnabled="false" android:layout_marginStart="10dp" android:layout_marginEnd="10dp" android:nestedScrollingEnabled="false" app:layout_constraintEnd_toEndOf="0" app:layout_constraintStart_toStartOf="0" app:layout_constraintTop_toTopOf="0"/>
                    </androidx.core.widget.NestedScrollView>
                    <androidx.recyclerview.widget.RecyclerView android:id="@+id/postListGridView1" android:layout_width="match_parent" android:layout_height="wrap_content" android:footerDividersEnabled="false" android:layout_marginStart="10dp" android:layout_marginEnd="10dp" app:layout_constraintEnd_toEndOf="0" app:layout_constraintStart_toStartOf="0" app:layout_constraintTop_toTopOf="0"/>
                    <ImageView android:id="@+id/img_no_blog" android:visibility="gone" android:layout_width="219dp" android:layout_height="120dp" android:src="@drawable/img_no_post" android:layout_centerInParent="true" app:layout_constraintBottom_toBottomOf="0" app:layout_constraintEnd_toEndOf="0" app:layout_constraintStart_toStartOf="0" app:layout_constraintTop_toTopOf="0"/>
                    <ImageView android:id="@+id/img_no_internet" android:visibility="gone" android:layout_width="180dp" android:layout_height="100dp" android:src="@drawable/img_no_internet" android:layout_centerInParent="true" app:layout_constraintBottom_toBottomOf="0" app:layout_constraintEnd_toEndOf="0" app:layout_constraintStart_toStartOf="0" app:layout_constraintTop_toTopOf="0"/>
                </androidx.constraintlayout.widget.ConstraintLayout>
            </androidx.swiperefreshlayout.widget.SwipeRefreshLayout>
            <androidx.compose.ui.platform.ComposeView android:id="@+id/composeShimmerView" android:visibility="gone" android:layout_width="wrap_content" android:layout_height="wrap_content" android:layout_centerInParent="true" app:layout_constraintBottom_toBottomOf="0" app:layout_constraintEnd_toEndOf="0" app:layout_constraintStart_toStartOf="0" app:layout_constraintTop_toTopOf="0"/>
            <ProgressBar android:id="@+id/progressBar" android:visibility="gone" android:layout_width="wrap_content" android:layout_height="wrap_content" android:indeterminateDrawable="@drawable/custom_progress" android:layout_centerInParent="true" app:layout_constraintBottom_toBottomOf="0" app:layout_constraintEnd_toEndOf="0" app:layout_constraintStart_toStartOf="0" app:layout_constraintTop_toTopOf="0"/>
        </androidx.constraintlayout.widget.ConstraintLayout>
        <LinearLayout android:gravity="center" android:orientation="vertical" android:id="@+id/adViewBottom" android:visibility="gone" android:layout_width="match_parent" android:layout_height="wrap_content" android:layout_alignParentBottom="true"/>
    </RelativeLayout>
</androidx.constraintlayout.widget.ConstraintLayout>
