<?xml version="1.0" encoding="utf-8"?>
<androidx.constraintlayout.widget.ConstraintLayout xmlns:android="http://schemas.android.com/apk/res/android" xmlns:app="http://schemas.android.com/apk/res-auto" xmlns:aapt="http://schemas.android.com/aapt" android:background="@color/white" android:layout_width="match_parent" android:layout_height="match_parent">
    <androidx.constraintlayout.widget.Guideline android:orientation="horizontal" android:id="@+id/top_guide" android:layout_width="match_parent" android:layout_height="1dp" app:layout_constraintGuide_percent="0.165"/>
    <androidx.constraintlayout.widget.Guideline android:orientation="horizontal" android:id="@+id/center_guide" android:layout_width="match_parent" android:layout_height="1dp" app:layout_constraintGuide_percent="0.5"/>
    <ImageView android:id="@+id/img_app_icons" android:layout_width="0dp" android:layout_height="0dp" android:src="@drawable/app_icons" android:layout_marginStart="44dp" android:layout_marginEnd="44dp" app:layout_constraintBottom_toBottomOf="@+id/center_guide" app:layout_constraintLeft_toLeftOf="0" app:layout_constraintRight_toRightOf="0" app:layout_constraintTop_toTopOf="@+id/top_guide"/>
    <ImageView android:layout_width="0dp" android:layout_height="0dp" android:src="@drawable/ic_appmysite" app:layout_constraintBottom_toTopOf="@+id/top_guide" app:layout_constraintLeft_toLeftOf="0" app:layout_constraintRight_toRightOf="0" app:layout_constraintTop_toTopOf="0" app:layout_constraintWidth_percent="0.47"/>
    <TextView android:textSize="33dp" android:textColor="#1b2952" android:gravity="center" android:id="@+id/txt_websites_to_apps" android:layout_width="0dp" android:layout_height="wrap_content" android:layout_marginTop="38dp" android:text="@string/website_to_app" android:fontFamily="@font/axiforma_bold" app:layout_constraintLeft_toLeftOf="0" app:layout_constraintRight_toRightOf="0" app:layout_constraintTop_toBottomOf="@+id/img_app_icons"/>
    <TextView android:textSize="13dp" android:textColor="#7782a1" android:gravity="center" android:id="@+id/website_to_app_desc" android:layout_width="0dp" android:layout_height="wrap_content" android:layout_marginTop="20dp" android:text="@string/website_to_app_desc" android:fontFamily="@font/axiforma_regular" app:layout_constraintLeft_toLeftOf="0" app:layout_constraintRight_toRightOf="0" app:layout_constraintTop_toBottomOf="@+id/txt_websites_to_apps"/>
    <TextView android:textSize="15dp" android:textColor="#ffffff" android:gravity="center" android:id="@+id/btn_continue" android:background="@drawable/consent_button_background" android:paddingTop="13dp" android:paddingBottom="13dp" android:layout_width="0dp" android:layout_height="wrap_content" android:layout_marginTop="38dp" android:text="@string/get_started" android:fontFamily="@font/axiforma_regular" android:layout_marginStart="20dp" android:layout_marginEnd="20dp" app:layout_constraintEnd_toEndOf="0" app:layout_constraintStart_toStartOf="0" app:layout_constraintTop_toBottomOf="@+id/website_to_app_desc" app:layout_constraintVertical_bias="0"/>
    <TextView android:textSize="15sp" android:textColor="@color/skip_getting_started" android:id="@+id/txtSkip" android:layout_width="wrap_content" android:layout_height="wrap_content" android:layout_marginTop="40dp" android:text="@string/skip" android:fontFamily="@font/axiforma_regular" app:layout_constraintEnd_toEndOf="0" app:layout_constraintStart_toStartOf="0" app:layout_constraintTop_toBottomOf="@+id/btn_continue"/>
    <ProgressBar android:id="@+id/progress_bar" android:visibility="gone" android:layout_width="wrap_content" android:layout_height="wrap_content" app:layout_constraintBottom_toBottomOf="0" app:layout_constraintEnd_toEndOf="0" app:layout_constraintStart_toStartOf="0" app:layout_constraintTop_toTopOf="0"/>
</androidx.constraintlayout.widget.ConstraintLayout>
