<?xml version="1.0" encoding="utf-8"?>
<androidx.constraintlayout.widget.ConstraintLayout xmlns:android="http://schemas.android.com/apk/res/android" xmlns:app="http://schemas.android.com/apk/res-auto" xmlns:aapt="http://schemas.android.com/aapt" android:background="#f6f8fe" android:layout_width="match_parent" android:layout_height="match_parent">
    <androidx.cardview.widget.CardView android:id="@+id/top_card_view" android:background="@color/white" android:layout_width="0dp" android:layout_height="wrap_content" app:layout_constraintEnd_toEndOf="0" app:layout_constraintStart_toStartOf="0" app:layout_constraintTop_toTopOf="0">
        <androidx.constraintlayout.widget.ConstraintLayout android:layout_width="match_parent" android:layout_height="match_parent">
            <TextView android:textSize="21sp" android:textColor="#333333" android:id="@+id/txt_forgot_password_head" android:layout_width="wrap_content" android:layout_height="wrap_content" android:layout_marginTop="35sp" android:text="@string/my_apps" android:lineSpacingExtra="-2.7sp" android:fontFamily="@font/axiforma_bold" android:layout_marginStart="14sp" app:layout_constraintStart_toStartOf="0" app:layout_constraintTop_toTopOf="0"/>
            <TextView android:textSize="14sp" android:textColor="#3064f9" android:gravity="center" android:id="@+id/txt_create" android:layout_width="wrap_content" android:layout_height="wrap_content" android:text="@string/create" android:foregroundGravity="center" android:fontFamily="@font/axiforma_regular" android:layout_marginEnd="20sp" app:layout_constraintBottom_toBottomOf="@+id/txt_forgot_password_head" app:layout_constraintEnd_toEndOf="0" app:layout_constraintTop_toTopOf="@+id/txt_forgot_password_head"/>
            <ImageView android:layout_width="12sp" android:layout_height="12sp" android:src="@drawable/ic_plus_blue" android:layout_marginEnd="5sp" app:layout_constraintBottom_toBottomOf="@+id/txt_create" app:layout_constraintDimensionRatio="1" app:layout_constraintEnd_toStartOf="@+id/txt_create" app:layout_constraintTop_toTopOf="@+id/txt_create"/>
            <androidx.constraintlayout.widget.ConstraintLayout android:orientation="horizontal" android:id="@+id/layout_search" android:background="@drawable/search_background" android:layout_width="0dp" android:layout_height="wrap_content" android:layout_marginTop="20sp" android:layout_marginBottom="14sp" android:layout_marginStart="14sp" android:layout_marginEnd="7sp" app:layout_constraintBottom_toBottomOf="0" app:layout_constraintEnd_toStartOf="@+id/layout_grid" app:layout_constraintStart_toStartOf="0" app:layout_constraintTop_toBottomOf="@+id/txt_forgot_password_head">
                <ImageView android:id="@+id/img_search" android:padding="14sp" android:layout_width="wrap_content" android:layout_height="wrap_content" android:src="@drawable/ic_search_my_apps" app:layout_constraintBottom_toBottomOf="0" app:layout_constraintStart_toStartOf="0" app:layout_constraintTop_toTopOf="0" app:tint="#c8cedb"/>
                <LinearLayout android:layout_width="0dp" android:layout_height="wrap_content" app:layout_constraintBottom_toBottomOf="@+id/img_search" app:layout_constraintEnd_toStartOf="@+id/img_close" app:layout_constraintStart_toEndOf="@+id/img_search" app:layout_constraintTop_toTopOf="@+id/img_search">
                    <EditText android:textColorHint="#c8cedb" android:ellipsize="end" android:id="@+id/edt_search" android:background="@null" android:padding="7dp" android:layout_width="wrap_content" android:layout_height="wrap_content" android:hint="@string/search" android:singleLine="true" android:imeOptions="actionSearch" android:fontFamily="@font/axiforma_regular"/>
                </LinearLayout>
                <ImageView android:id="@+id/img_close" android:visibility="invisible" android:layout_width="20sp" android:layout_height="20sp" android:src="@drawable/ic_search_close" android:layout_marginEnd="10sp" app:layout_constraintBottom_toBottomOf="@+id/img_search" app:layout_constraintEnd_toEndOf="0" app:layout_constraintTop_toTopOf="@+id/img_search"/>
            </androidx.constraintlayout.widget.ConstraintLayout>
            <LinearLayout android:orientation="horizontal" android:id="@+id/layout_grid" android:background="@drawable/search_background" android:layout_width="wrap_content" android:layout_height="wrap_content" android:layout_marginEnd="14sp" app:layout_constraintBottom_toBottomOf="@+id/layout_search" app:layout_constraintEnd_toEndOf="0" app:layout_constraintTop_toTopOf="@+id/layout_search">
                <ImageView android:id="@+id/img_grid_view" android:padding="11sp" android:layout_width="wrap_content" android:layout_height="wrap_content" android:src="@drawable/menu_app_grid"/>
            </LinearLayout>
        </androidx.constraintlayout.widget.ConstraintLayout>
    </androidx.cardview.widget.CardView>
    <androidx.recyclerview.widget.RecyclerView android:id="@+id/recycler_my_apps" android:paddingBottom="@dimen/_60sdp" android:clipToPadding="false" android:layout_width="0dp" android:layout_height="0dp" app:layout_constraintBottom_toBottomOf="0" app:layout_constraintEnd_toEndOf="0" app:layout_constraintStart_toStartOf="0" app:layout_constraintTop_toBottomOf="@+id/top_card_view"/>
    <LinearLayout android:id="@+id/ll_timeout" android:paddingBottom="@dimen/_60sdp" android:visibility="gone" android:clipToPadding="false" android:layout_width="0dp" android:layout_height="0dp" app:layout_constraintBottom_toTopOf="@+id/bottom_card_view" app:layout_constraintEnd_toEndOf="0" app:layout_constraintStart_toStartOf="0" app:layout_constraintTop_toBottomOf="@+id/top_card_view">
        <ImageView android:layout_gravity="center" android:paddingBottom="@dimen/_60sdp" android:clipToPadding="false" android:layout_width="match_parent" android:layout_height="200dp" android:src="@drawable/img_timeout"/>
    </LinearLayout>
    <ProgressBar android:id="@+id/progress_bar" android:layout_width="wrap_content" android:layout_height="wrap_content" app:layout_constraintBottom_toBottomOf="0" app:layout_constraintEnd_toEndOf="0" app:layout_constraintStart_toStartOf="0" app:layout_constraintTop_toTopOf="0"/>
    <androidx.cardview.widget.CardView android:id="@+id/bottom_card_view" android:layout_width="0dp" android:layout_height="wrap_content" app:layout_constraintBottom_toBottomOf="0" app:layout_constraintEnd_toEndOf="0" app:layout_constraintStart_toStartOf="0">
        <androidx.constraintlayout.widget.ConstraintLayout android:layout_width="match_parent" android:layout_height="match_parent">
            <View android:id="@+id/center_view" android:background="#c8cedb" android:layout_width="1dp" android:layout_height="0dp" android:layout_marginTop="14sp" android:layout_marginBottom="14sp" app:layout_constraintBottom_toBottomOf="0" app:layout_constraintEnd_toEndOf="0" app:layout_constraintStart_toStartOf="0" app:layout_constraintTop_toTopOf="0"/>
            <TextView android:textSize="14sp" android:textColor="#c8cedb" android:gravity="center" android:id="@+id/txt_logout" android:layout_width="0dp" android:layout_height="wrap_content" android:layout_marginTop="17sp" android:layout_marginBottom="17sp" android:text="@string/logout" android:fontFamily="@font/axiforma_regular" app:layout_constraintBottom_toBottomOf="0" app:layout_constraintEnd_toStartOf="@+id/center_view" app:layout_constraintStart_toStartOf="0" app:layout_constraintTop_toTopOf="0"/>
            <TextView android:textSize="14sp" android:textColor="#c8cedb" android:gravity="center" android:id="@+id/txt_skip" android:layout_width="0dp" android:layout_height="wrap_content" android:layout_marginTop="17sp" android:layout_marginBottom="17sp" android:text="@string/skip" android:fontFamily="@font/axiforma_regular" app:layout_constraintBottom_toBottomOf="0" app:layout_constraintEnd_toEndOf="0" app:layout_constraintStart_toEndOf="@+id/center_view" app:layout_constraintTop_toTopOf="0"/>
        </androidx.constraintlayout.widget.ConstraintLayout>
    </androidx.cardview.widget.CardView>
</androidx.constraintlayout.widget.ConstraintLayout>
