<?xml version="1.0" encoding="utf-8"?>
<androidx.constraintlayout.widget.ConstraintLayout xmlns:android="http://schemas.android.com/apk/res/android" xmlns:app="http://schemas.android.com/apk/res-auto" xmlns:aapt="http://schemas.android.com/aapt" android:orientation="vertical" android:layout_width="match_parent" android:layout_height="match_parent">
    <RelativeLayout android:layout_width="match_parent" android:layout_height="wrap_content" android:layout_marginStart="5dp" android:layout_marginEnd="5dp" app:layout_constraintEnd_toEndOf="0" app:layout_constraintStart_toStartOf="0" app:layout_constraintTop_toTopOf="0">
        <LinearLayout android:gravity="center" android:orientation="vertical" android:id="@+id/adView" android:visibility="gone" android:layout_width="match_parent" android:layout_height="wrap_content" app:layout_constraintEnd_toEndOf="0" app:layout_constraintStart_toStartOf="0" app:layout_constraintTop_toTopOf="0"/>
        <RelativeLayout android:id="@+id/relativeTop" android:background="@color/white" android:layout_width="match_parent" android:layout_height="50dp" android:layout_below="@+id/adView">
            <ImageView android:id="@+id/img_sort" android:layout_width="wrap_content" android:layout_height="20dp" android:layout_marginTop="10dp" android:layout_marginBottom="10dp" android:src="@drawable/menu_sort" android:layout_centerInParent="true" android:layout_marginStart="10dp" android:layout_alignParentStart="true"/>
            <TextView android:id="@+id/tv_sort" android:background="@drawable/red_circle_cart" android:visibility="gone" android:layout_width="5dp" android:layout_height="5dp" android:layout_alignTop="@+id/img_sort" android:layout_alignEnd="@+id/img_sort"/>
            <ImageView android:id="@+id/img_filter" android:layout_width="wrap_content" android:layout_height="20dp" android:layout_marginTop="10dp" android:layout_marginBottom="10dp" android:src="@drawable/menu_filter" android:layout_centerVertical="true" android:layout_marginStart="20dp" android:layout_toEndOf="@+id/img_sort"/>
            <TextView android:id="@+id/tv_filter" android:background="@drawable/red_circle_cart" android:visibility="gone" android:layout_width="5dp" android:layout_height="5dp" android:layout_alignTop="@+id/img_filter" android:layout_alignEnd="@+id/img_filter"/>
            <ImageView android:id="@+id/img_list" android:layout_width="wrap_content" android:layout_height="20dp" android:layout_marginTop="10dp" android:layout_marginBottom="10dp" android:src="@drawable/menu_list" android:layout_centerVertical="true" android:layout_marginStart="15dp" android:layout_toStartOf="@+id/img_grid"/>
            <ImageView android:id="@+id/img_grid" android:layout_width="wrap_content" android:layout_height="20dp" android:layout_marginTop="10dp" android:layout_marginBottom="10dp" android:src="@drawable/menu_grid_select" android:layout_centerVertical="true" android:layout_marginStart="20dp" android:layout_marginEnd="10dp" android:layout_alignParentEnd="true"/>
            <View android:background="#f5f5f5" android:layout_width="match_parent" android:layout_height="1dp" android:layout_alignParentBottom="true"/>
        </RelativeLayout>
        <androidx.constraintlayout.widget.ConstraintLayout android:background="@color/white" android:layout_width="match_parent" android:layout_height="wrap_content" android:layout_above="@+id/adViewBottom" android:layout_below="@+id/relativeTop">
            <androidx.swiperefreshlayout.widget.SwipeRefreshLayout android:id="@+id/swipeRefresh" android:layout_width="match_parent" android:layout_height="match_parent" app:layout_constraintEnd_toEndOf="0" app:layout_constraintStart_toStartOf="0" app:layout_constraintTop_toTopOf="0">
                <androidx.constraintlayout.widget.ConstraintLayout android:background="@color/white" android:layout_width="match_parent" android:layout_height="wrap_content">
                    <androidx.recyclerview.widget.RecyclerView android:id="@+id/postListGridView2" android:paddingBottom="5dp" android:clipToPadding="false" android:layout_width="match_parent" android:layout_height="wrap_content" android:footerDividersEnabled="false" app:layout_constraintEnd_toEndOf="0" app:layout_constraintStart_toStartOf="0" app:layout_constraintTop_toTopOf="0"/>
                    <androidx.recyclerview.widget.RecyclerView android:id="@+id/postListGridView1" android:paddingBottom="5dp" android:clipToPadding="false" android:layout_width="match_parent" android:layout_height="wrap_content" android:footerDividersEnabled="false" app:layout_constraintEnd_toEndOf="0" app:layout_constraintStart_toStartOf="0" app:layout_constraintTop_toTopOf="0"/>
                    <ImageView android:id="@+id/img_no_blog" android:visibility="gone" android:layout_width="200dp" android:layout_height="200dp" android:src="@drawable/img_no_post" android:layout_centerInParent="true" app:layout_constraintBottom_toBottomOf="0" app:layout_constraintEnd_toEndOf="0" app:layout_constraintStart_toStartOf="0" app:layout_constraintTop_toTopOf="0"/>
                </androidx.constraintlayout.widget.ConstraintLayout>
            </androidx.swiperefreshlayout.widget.SwipeRefreshLayout>
            <ProgressBar android:id="@+id/progressBar" android:visibility="gone" android:layout_width="wrap_content" android:layout_height="wrap_content" android:indeterminateDrawable="@drawable/custom_progress" android:layout_centerInParent="true" app:layout_constraintBottom_toBottomOf="0" app:layout_constraintEnd_toEndOf="0" app:layout_constraintStart_toStartOf="0" app:layout_constraintTop_toTopOf="0"/>
        </androidx.constraintlayout.widget.ConstraintLayout>
        <LinearLayout android:gravity="center" android:orientation="vertical" android:id="@+id/adViewBottom" android:visibility="gone" android:layout_width="match_parent" android:layout_height="wrap_content" android:layout_alignParentBottom="true"/>
    </RelativeLayout>
</androidx.constraintlayout.widget.ConstraintLayout>
